{
  "run_id": "ec84bf5e3f64",
  "duration_sec": 0.0008497238159179688,
  "dq": {
    "n_rows": 120,
    "missing_rate": 0.0
  },
  "predictions_rows": 14,
  "context": {
    "cpu_percent": 0.0,
    "memory_mb": 124.671875
  }
}