{
  "run_id": "97734d292563",
  "duration_sec": 0.0015959739685058594,
  "dq": {
    "n_rows": 120,
    "missing_rate": 0.0
  },
  "predictions_rows": 14,
  "context": {
    "cpu_percent": 0.0,
    "memory_mb": 124.55078125
  }
}