{
  "run_id": "b020d60aba63",
  "duration_sec": 0.0015425682067871094,
  "dq": {
    "n_rows": 120,
    "missing_rate": 0.0
  },
  "predictions_rows": 14,
  "context": {
    "cpu_percent": 0.0,
    "memory_mb": 124.80859375
  }
}