{
  "run_id": "bee0723b7095",
  "duration_sec": 0.0016162395477294922,
  "dq": {
    "n_rows": 120,
    "missing_rate": 0.0
  },
  "predictions_rows": 14,
  "context": {
    "cpu_percent": 0.0,
    "memory_mb": 125.44921875
  }
}